[{"Modality":"Fa","PIH Risk (0-110)":0,"CIT Degree (15-100)":15,"LHR (0-100)":0,"Frekles (0-100)":0,"Melasma":0},{"Modality":"Vi/Vi Adv/Vi Purify","PIH Risk (0-110)":60,"CIT Degree (15-100)":20,"LHR (0-100)":0,"Frekles (0-100)":50,"Melasma":25},{"Modality":"VI PPI","PIH Risk (0-110)":40,"CIT Degree (15-100)":20,"LHR (0-100)":0,"Frekles (0-100)":50,"Melasma":45},{"Modality":"Med depth peel","PIH Risk (0-110)":110,"CIT Degree (15-100)":100,"LHR (0-100)":0,"Frekles (0-100)":100,"Melasma":75},{"Modality":"CO2 Mild","PIH Risk (0-110)":75,"CIT Degree (15-100)":20,"LHR (0-100)":0,"Frekles (0-100)":50,"Melasma":40},{"Modality":"CO2 Deep","PIH Risk (0-110)":110,"CIT Degree (15-100)":85,"LHR (0-100)":0,"Frekles (0-100)":75,"Melasma":50},{"Modality":"Erbium","PIH Risk (0-110)":110,"CIT Degree (15-100)":25,"LHR (0-100)":0,"Frekles (0-100)":75,"Melasma":40},{"Modality":"Pico 1064 FB","PIH Risk (0-110)":50,"CIT Degree (15-100)":60,"LHR (0-100)":0,"Frekles (0-100)":50,"Melasma":60},{"Modality":"Pico 1064 Frac","PIH Risk (0-110)":40,"CIT Degree (15-100)":50,"LHR (0-100)":0,"Frekles (0-100)":30,"Melasma":30},{"Modality":"1064 LP","PIH Risk (0-110)":20,"CIT Degree (15-100)":30,"LHR (0-100)":70,"Frekles (0-100)":15,"Melasma":0},{"Modality":"755 LP","PIH Risk (0-110)":55,"CIT Degree (15-100)":20,"LHR (0-100)":100,"Frekles (0-100)":0,"Melasma":0},{"Modality":"1540","PIH Risk (0-110)":80,"CIT Degree (15-100)":50,"LHR (0-100)":0,"Frekles (0-100)":15,"Melasma":50},{"Modality":"IPL","PIH Risk (0-110)":100,"CIT Degree (15-100)":20,"LHR (0-100)":60,"Frekles (0-100)":50,"Melasma":0},{"Modality":"Pico 532 FB","PIH Risk (0-110)":100,"CIT Degree (15-100)":20,"LHR (0-100)":0,"Frekles (0-100)":50,"Melasma":0},{"Modality":"Pico 532 Frac","PIH Risk (0-110)":90,"CIT Degree (15-100)":20,"LHR (0-100)":0,"Frekles (0-100)":40,"Melasma":45},{"Modality":"RFMN Ablative","PIH Risk (0-110)":100,"CIT Degree (15-100)":85,"LHR (0-100)":0,"Frekles (0-100)":50,"Melasma":60},{"Modality":"RFMN 1mm Inc","PIH Risk (0-110)":50,"CIT Degree (15-100)":100,"LHR (0-100)":0,"Frekles (0-100)":15,"Melasma":60},{"Modality":"RFMN 1mm not","PIH Risk (0-110)":20,"CIT Degree (15-100)":100,"LHR (0-100)":0,"Frekles (0-100)":0,"Melasma":35},{"Modality":"MN .25-.75","PIH Risk (0-110)":10,"CIT Degree (15-100)":25,"LHR (0-100)":0,"Frekles (0-100)":25,"Melasma":35},{"Modality":"MN .75- 1.5","PIH Risk (0-110)":40,"CIT Degree (15-100)":30,"LHR (0-100)":0,"Frekles (0-100)":30,"Melasma":35},{"Modality":"MN 1.5- 2","PIH Risk (0-110)":75,"CIT Degree (15-100)":50,"LHR (0-100)":0,"Frekles (0-100)":30,"Melasma":35},{"Modality":"MN 2- 3","PIH Risk (0-110)":85,"CIT Degree (15-100)":85,"LHR (0-100)":0,"Frekles (0-100)":30,"Melasma":35},{"Modality":"Micro-dermabra","PIH Risk (0-110)":10,"CIT Degree (15-100)":15,"LHR (0-100)":0,"Frekles (0-100)":20,"Melasma":0},{"Modality":"Diode laser 805","PIH Risk (0-110)":35,"CIT Degree (15-100)":15,"LHR (0-100)":85,"Frekles (0-100)":0,"Melasma":0},{"Modality":"Contoura","PIH Risk (0-110)":20,"CIT Degree (15-100)":85,"LHR (0-100)":0,"Frekles (0-100)":0,"Melasma":0},{"Modality":"","PIH Risk (0-110)":"","CIT Degree (15-100)":"","LHR (0-100)":"","Frekles (0-100)":"","Melasma":""}]


